[
 {
		"title": "全部示例",
		"icon": "&#x1002;",
		"spread": true,
		"children": [
            {
                "title": "各种按钮展示",
                "icon": "fa-check-square-o",
                "href": "main.html"
            },
            {
                "title": "创建新tab",
                "icon": "fa-check-square-o",
                "href": "createtab.html"
            },
			{
				"title": "form表单概览",
				"icon": "fa-check-square-o",
				"href": "form.html"
			},
            {
                "title": "form表单html规范",
                "icon": "fa-check-square-o",
                "href": "formshow.html"
            },
            {
                "title": "form表单校验条件",
                "icon": "fa-check-square-o",
                "href": "formcheck.html"
            },{
				"title": "table表格",
				"icon": "fa-check-square-o",
				"href": "table.html"
			},{
                "title": "内置tabs",
                "icon": "fa-check-square-o",
                "href": "tabs.html"
            },{
                "title": "layer弹框",
                "icon": "fa-check-square-o",
                "href": "layer.html"
            },
            {
                "title": "关于各个按钮的图标",
                "icon": "fa-check-square-o",
                "href": "icon.html"
            }
		]
	}
 ]
